"iteration","train","test"
1,0.761797906698408,NA
2,0.742058672761216,0.878591073286277
3,0.742058672761216,0.878591073286277
4,0.761797906698408,NA
